,prompt,classes,answer_index
0,"The following are multiple choice questions (with answers) about common sense.

Question: As the barometer reading goes lower there is not a greater chance of
A. sunshine
B. getting wet
Answer:","[' A', ' B']",0
1,"The following are multiple choice questions (with answers) about common sense.

Question: If a cat has a body temp that is below average, it isn't in
A. danger
B. safe ranges
Answer:","[' A', ' B']",1
2,"The following are multiple choice questions (with answers) about common sense.

Question: Coral is not a type of living organism which can be identified in
A. saltwater locations that are open
B. any where with liquid
Answer:","[' A', ' B']",1
3,"The following are multiple choice questions (with answers) about common sense.

Question: an inherited characteristic found on all mammals isn't
A. fur
B. shoes
Answer:","[' A', ' B']",1
4,"The following are multiple choice questions (with answers) about common sense.

Question: The type of climate change known as anthropogenic isn't caused by this:
A. volcanic activity
B. humanity
Answer:","[' A', ' B']",0
5,"The following are multiple choice questions (with answers) about common sense.

Question: If a thing is going between liquid and solid, it is not likely to
A. measure consistently
B. be a door
Answer:","[' A', ' B']",1
6,"The following are multiple choice questions (with answers) about common sense.

Question: Which was not happens most near canyons
A. riverflow
B. fear
Answer:","[' A', ' B']",1
7,"The following are multiple choice questions (with answers) about common sense.

Question: which isn't most likely to be eaten by a rabbit
A. dandelions
B. spiders
Answer:","[' A', ' B']",1
8,"The following are multiple choice questions (with answers) about common sense.

Question: This isn't likely to be an insulator
A. a flip flop
B. a can
Answer:","[' A', ' B']",1
9,"The following are multiple choice questions (with answers) about common sense.

Question: A ferret darting around a space in the wild in a panic is not likely
A. eluding foe
B. laying eggs
Answer:","[' A', ' B']",1
10,"The following are multiple choice questions (with answers) about common sense.

Question: In order for a species to continue, constant mating isn't required to
A. ice cream
B. make babies
Answer:","[' A', ' B']",0
11,"The following are multiple choice questions (with answers) about common sense.

Question: An example of adapting to survive is not
A. Having a drink of water on a warm day
B. Putting on sunscreen in a sunny place
Answer:","[' A', ' B']",0
12,"The following are multiple choice questions (with answers) about common sense.

Question: If something has a membrane within another thing, it is not likely
A. able to cry
B. a marker
Answer:","[' A', ' B']",1
13,"The following are multiple choice questions (with answers) about common sense.

Question: If an scientist is stationed in the south pole during their winter, what season is not it in the arctic region
A. Fall
B. Summer
Answer:","[' A', ' B']",0
14,"The following are multiple choice questions (with answers) about common sense.

Question: The arctic is not white in coloring
A. because it's blanketed in crystalline ice water
B. because it's overpopulated with polar bears
Answer:","[' A', ' B']",1
15,"The following are multiple choice questions (with answers) about common sense.

Question: In the natural world, camouflage is not used by animals to
A. stay warm in the winter
B. avoid being a meal
Answer:","[' A', ' B']",0
16,"The following are multiple choice questions (with answers) about common sense.

Question: A guy wants to make dinner for his family, so he puts a pan on the stove, adds some meat, and turns on the stove so that heat is being added to the pan. As the meat is warmed through, beginning to sizzle, it isn't
A. being seared
B. being smoked
Answer:","[' A', ' B']",1
17,"The following are multiple choice questions (with answers) about common sense.

Question: Tectonic plates aren't like a large
A. jenga
B. candy cane
Answer:","[' A', ' B']",1
18,"The following are multiple choice questions (with answers) about common sense.

Question: A place where penguins exist with pods of black and white mammals is not
A. uninhabitable by iguanas
B. painted with cream
Answer:","[' A', ' B']",1
19,"The following are multiple choice questions (with answers) about common sense.

Question: A skill some humans have is not
A. talking
B. vision
Answer:","[' A', ' B']",1
20,"The following are multiple choice questions (with answers) about common sense.

Question: a seismograph is not a kind of tool for measuring the size of
A. planets
B. terra plate displacements
Answer:","[' A', ' B']",0
21,"The following are multiple choice questions (with answers) about common sense.

Question: thermal energy insulators are not often good electrical insulators like:
A. metal knives for sale
B. the rubber sandwiched between two iron slabs
Answer:","[' A', ' B']",0
22,"The following are multiple choice questions (with answers) about common sense.

Question: An adaptation that humans have created through the help of science isn't
A. flying
B. feces
Answer:","[' A', ' B']",1
23,"The following are multiple choice questions (with answers) about common sense.

Question: Reflectors are not used to reflect light on
A. paint
B. buses
Answer:","[' A', ' B']",0
24,"The following are multiple choice questions (with answers) about common sense.

Question: A patch of thistle grows larger when this isn't increased:
A. dampness
B. milk production
Answer:","[' A', ' B']",1
25,"The following are multiple choice questions (with answers) about common sense.

Question: A cloud that begins to precipitate onto the ground is not
A. leaking
B. crowing
Answer:","[' A', ' B']",1
26,"The following are multiple choice questions (with answers) about common sense.

Question: If the days are more chilled than before, and yet still avoid freezing degrees, a likely assumption is not that
A. daylight lasts longer
B. daylight has lessened
Answer:","[' A', ' B']",0
27,"The following are multiple choice questions (with answers) about common sense.

Question: Peat is not derived from
A. compressing of deteriorating foliage
B. floating debris in swamp water
Answer:","[' A', ' B']",1
28,"The following are multiple choice questions (with answers) about common sense.

Question: If a car is not stuck and people need to move it
A. they push it into the air
B. they use their bodies to shove
Answer:","[' A', ' B']",0
29,"The following are multiple choice questions (with answers) about common sense.

Question: Which isn't a visible example of water vapor
A. aerial clouds
B. snow
Answer:","[' A', ' B']",1
30,"The following are multiple choice questions (with answers) about common sense.

Question: The diminishing supply of this nonrenewable resource is not leading to advancements in automotive technology
A. petrol
B. steam
Answer:","[' A', ' B']",1
31,"The following are multiple choice questions (with answers) about common sense.

Question: Arctic foxes are not white in order to
A. hide in their environment
B. keep their fur clean
Answer:","[' A', ' B']",1
32,"The following are multiple choice questions (with answers) about common sense.

Question: If a see through thing is multifaceted, it isn't most likely
A. a quartz square
B. a silver globe
Answer:","[' A', ' B']",1
33,"The following are multiple choice questions (with answers) about common sense.

Question: If a duck lays seven eggs and last year they laid zero eggs, this year they are not
A. increasing young
B. producing zero
Answer:","[' A', ' B']",1
34,"The following are multiple choice questions (with answers) about common sense.

Question: A farmer needs to change up his crops. He has planted grains for the last five years. He plants something different this year, so his crop isn't probably
A. grain
B. watermelon
Answer:","[' A', ' B']",0
35,"The following are multiple choice questions (with answers) about common sense.

Question: when a tadpole changes into a frog, the tadpole isn't like
A. a grape
B. a maggot
Answer:","[' A', ' B']",0
36,"The following are multiple choice questions (with answers) about common sense.

Question: An inherited characteristic from my dad is not
A. moles
B. a building
Answer:","[' A', ' B']",1
37,"The following are multiple choice questions (with answers) about common sense.

Question: Winter in the northern hemisphere is not occurring on
A. the day after July 4th
B. the day after November 30th
Answer:","[' A', ' B']",0
38,"The following are multiple choice questions (with answers) about common sense.

Question: Snow isn't more likely to fall two months before
A. June
B. March
Answer:","[' A', ' B']",0
39,"The following are multiple choice questions (with answers) about common sense.

Question: Diamonds are not made and dispersed by
A. giants
B. volcanoes
Answer:","[' A', ' B']",0
40,"The following are multiple choice questions (with answers) about common sense.

Question: Funerals are not common occurrences after
A. a person has ceased taking in oxygen and pumping blood thru their system
B. a person is declared in remission from cancer
Answer:","[' A', ' B']",1
41,"The following are multiple choice questions (with answers) about common sense.

Question: If a puppy steps on a lit cigarette, it is not likely
A. happy
B. pained
Answer:","[' A', ' B']",0
42,"The following are multiple choice questions (with answers) about common sense.

Question: If acorns are moved around a neighborhood, then the most reasonable culprit isn't
A. ferrets
B. sharks
Answer:","[' A', ' B']",1
43,"The following are multiple choice questions (with answers) about common sense.

Question: The substance that the respiratory system takes in from the air isn't released by
A. insects
B. plants
Answer:","[' A', ' B']",0
44,"The following are multiple choice questions (with answers) about common sense.

Question: A bunny is not desperate for food and happily chows down when offered
A. a steak
B. some oregano
Answer:","[' A', ' B']",0
45,"The following are multiple choice questions (with answers) about common sense.

Question: What is not an example of combining
A. adding H2O to water
B. blending eggs into cake batter
Answer:","[' A', ' B']",0
46,"The following are multiple choice questions (with answers) about common sense.

Question: A thermal conductor isn't made of
A. electrodes
B. often metallic
Answer:","[' A', ' B']",0
47,"The following are multiple choice questions (with answers) about common sense.

Question: The field a farmer plants with varied crops over the years isn't richer than
A. a field where rice, corn and beans are planted
B. a field where only grain is planted
Answer:","[' A', ' B']",0
48,"The following are multiple choice questions (with answers) about common sense.

Question: Stars are not
A. warm lights that float
B. great balls of gas burning billions of miles away
Answer:","[' A', ' B']",0
49,"The following are multiple choice questions (with answers) about common sense.

Question: whether hot or cold blooded, to survive all animals are not required to
A. store radiant heat
B. fight to survive
Answer:","[' A', ' B']",1
50,"The following are multiple choice questions (with answers) about common sense.

Question: A renewable resource is not used to produce
A. notebook paper
B. plastic rulers
Answer:","[' A', ' B']",1
51,"The following are multiple choice questions (with answers) about common sense.

Question: In a drought, a resource that will be lacking is not
A. land
B. droplets
Answer:","[' A', ' B']",0
52,"The following are multiple choice questions (with answers) about common sense.

Question: A beak is used for catching prey by some birds, like how they are not used by
A. glass flamingos
B. chickadees
Answer:","[' A', ' B']",0
53,"The following are multiple choice questions (with answers) about common sense.

Question: A level aren'ta near a steady flow of water isn't
A. a flood plain
B. a mountain peak
Answer:","[' A', ' B']",1
54,"The following are multiple choice questions (with answers) about common sense.

Question: A side effect of having a Husky as a pet is not that when she sheds
A. it takes hours to vacuum all of the fur
B. the fur is still attached to the skin
Answer:","[' A', ' B']",1
55,"The following are multiple choice questions (with answers) about common sense.

Question: An example of an adult animal laying eggs is not all aside from
A. kittens
B. penguins
Answer:","[' A', ' B']",1
56,"The following are multiple choice questions (with answers) about common sense.

Question: the hourly totals of sunshine aren't directly connect to
A. seasons
B. altitude
Answer:","[' A', ' B']",1
57,"The following are multiple choice questions (with answers) about common sense.

Question: A person puts a potato in some embers on the edge of a campfire. The embers are not
A. doing a thermal release
B. taking in the warmth
Answer:","[' A', ' B']",1
58,"The following are multiple choice questions (with answers) about common sense.

Question: A person puts a potato in some embers on the edge of a campfire and the potato gets hot. The embers are not
A. a exothermic reaction
B. a cool source
Answer:","[' A', ' B']",1
59,"The following are multiple choice questions (with answers) about common sense.

Question: A man had a car that only could travel for thirteen miles for every gallon of gasoline. His new car can travel forty miles for each gallon of gasoline. A trip that isn't fifty miles away will now require
A. less gas than before
B. various amounts of gas
Answer:","[' A', ' B']",1
60,"The following are multiple choice questions (with answers) about common sense.

Question: Lava on the ocean floor may build up upon itself. This is not where
A. lone land mass develops
B. birds may be thinking
Answer:","[' A', ' B']",1
61,"The following are multiple choice questions (with answers) about common sense.

Question: Quartz crystals aren't made up of
A. hexagons
B. majic
Answer:","[' A', ' B']",1
62,"The following are multiple choice questions (with answers) about common sense.

Question: A piglet was accidentally stepped on. In order to heal up, the piglet is not offered
A. a pet puppy
B. slop
Answer:","[' A', ' B']",0
63,"The following are multiple choice questions (with answers) about common sense.

Question: The leading cause of soil and rock erosion is not
A. NaCl
B. H2O
Answer:","[' A', ' B']",0
64,"The following are multiple choice questions (with answers) about common sense.

Question: The Earth's closest heat source isn't
A. our celestial fireball
B. gamma rays
Answer:","[' A', ' B']",1
65,"The following are multiple choice questions (with answers) about common sense.

Question: If Earth has poles that aren't magnetic
A. some poles will be radioactive
B. needles aim that way
Answer:","[' A', ' B']",0
66,"The following are multiple choice questions (with answers) about common sense.

Question: A way to warm your skin with sunlight isn't to
A. sit in an igloo
B. ride in a truck bed
Answer:","[' A', ' B']",0
67,"The following are multiple choice questions (with answers) about common sense.

Question: If a thing has been taken from a large object and made much smaller, even minuscule, and this was done over many years, the likely culprit wasn't
A. aliens
B. gales
Answer:","[' A', ' B']",0
68,"The following are multiple choice questions (with answers) about common sense.

Question: An example of adaption is not
A. wearing sunblock
B. Drinking water
Answer:","[' A', ' B']",1
69,"The following are multiple choice questions (with answers) about common sense.

Question: If a person wants to save the environment, a thing they can try isn't
A. reusing plastic dishware
B. burning more plastic
Answer:","[' A', ' B']",1
70,"The following are multiple choice questions (with answers) about common sense.

Question: The crust under everyone's feet isn't
A. the ice that forms in cold regions
B. the outer covering of the third planet from the sun
Answer:","[' A', ' B']",0
71,"The following are multiple choice questions (with answers) about common sense.

Question: If a plant isn't moved from a basement to a field
A. it will now suffocate
B. it will receive nutriment
Answer:","[' A', ' B']",0
72,"The following are multiple choice questions (with answers) about common sense.

Question: A boy hates summer with a burning passion, so luckily the longest he should ever have to endure the season isn't
A. twelve weeks
B. nine months
Answer:","[' A', ' B']",1
73,"The following are multiple choice questions (with answers) about common sense.

Question: The winter solstice isn't the shortest day in the northern
A. globes top half
B. counties of Tasmania
Answer:","[' A', ' B']",1
74,"The following are multiple choice questions (with answers) about common sense.

Question: Your clothes likely will be soaked if the skies aren't
A. sunny without clouds
B. black
Answer:","[' A', ' B']",0
75,"The following are multiple choice questions (with answers) about common sense.

Question: condensation isn't a stage in the water cycle process when
A. a moist film is on my spectacles
B. ice splashes water in my glass
Answer:","[' A', ' B']",1
76,"The following are multiple choice questions (with answers) about common sense.

Question: New plants sprang up everywhere seeds were not taken by
A. cool breezes
B. magic
Answer:","[' A', ' B']",1
77,"The following are multiple choice questions (with answers) about common sense.

Question: The appropriate place to put this item isn't the recycling bin
A. used soda can
B. used Styrofoam plates
Answer:","[' A', ' B']",1
78,"The following are multiple choice questions (with answers) about common sense.

Question: A light bulb will be lit up if it is not all aside from
A. on a shelf
B. connected to electricity
Answer:","[' A', ' B']",1
79,"The following are multiple choice questions (with answers) about common sense.

Question: soil isn't formed by
A. animals stepping on dead leaves and crushing it into bits
B. the fumes from car exhaust
Answer:","[' A', ' B']",1
80,"The following are multiple choice questions (with answers) about common sense.

Question: If a thing will take dirt and dead pieces of matter and process them through their own bodies, they aren't likely
A. nightcrawlers
B. whales
Answer:","[' A', ' B']",1
81,"The following are multiple choice questions (with answers) about common sense.

Question: A good reason for humans to feel little fear for wild wolves is not that
A. wolves elude humanity
B. wolves are domesticated
Answer:","[' A', ' B']",1
82,"The following are multiple choice questions (with answers) about common sense.

Question: When a lake isn't exposed to enough heat over time
A. fish grow ill
B. it ceases existing
Answer:","[' A', ' B']",0
83,"The following are multiple choice questions (with answers) about common sense.

Question: A thermal conductor is not made of
A. types of wire
B. that which conducts
Answer:","[' A', ' B']",0
84,"The following are multiple choice questions (with answers) about common sense.

Question: Dead plants are not easier to find in
A. January
B. September
Answer:","[' A', ' B']",1
85,"The following are multiple choice questions (with answers) about common sense.

Question: Which isn't recyclable
A. Styrofoam food container
B. soda can
Answer:","[' A', ' B']",0
86,"The following are multiple choice questions (with answers) about common sense.

Question: Breathing is not when the lungs convert oxygen from inhaled air into
A. carbon monoxide in the blood
B. oxygen dispersed from respiratory bronchioles through air sacs to hemoglobin proteins
Answer:","[' A', ' B']",0
87,"The following are multiple choice questions (with answers) about common sense.

Question: One way to retain your own thermal energy is not to
A. wear fluffy socks
B. sit in snow
Answer:","[' A', ' B']",1
88,"The following are multiple choice questions (with answers) about common sense.

Question: If a bucket of water from the sea is left out in the sun for long enough, all that will eventually remain in the bucket isn't
A. grapes
B. sodium
Answer:","[' A', ' B']",0
89,"The following are multiple choice questions (with answers) about common sense.

Question: If a young tern is found in a locked box, dead, without marks on it, a the most likely cause of death wasn't
A. ceremonial burning
B. untouched asphyxiation
Answer:","[' A', ' B']",0
90,"The following are multiple choice questions (with answers) about common sense.

Question: A sky that isn't mostly this color will likely be precipitating:
A. gray
B. blue
Answer:","[' A', ' B']",1
91,"The following are multiple choice questions (with answers) about common sense.

Question: A way in which humans may cause pollution to the environment is not
A. avoiding spilling oil into oceans
B. using bug killer on crops
Answer:","[' A', ' B']",0
92,"The following are multiple choice questions (with answers) about common sense.

Question: Sleet is not
A. potentially dangerous
B. poison
Answer:","[' A', ' B']",1
93,"The following are multiple choice questions (with answers) about common sense.

Question: If a baby needs to have milk every hour and is not only given it every six hours
A. it will be negatively effected
B. it will be positively effected
Answer:","[' A', ' B']",1
94,"The following are multiple choice questions (with answers) about common sense.

Question: the  oceans aren't full of
A. sea life
B. fresh water
Answer:","[' A', ' B']",1
95,"The following are multiple choice questions (with answers) about common sense.

Question: Molecular bounds aren't broken by
A. force
B. combining vulotile ingredients
Answer:","[' A', ' B']",0
96,"The following are multiple choice questions (with answers) about common sense.

Question: If a sand grain is in a tree house unexpectedly, a likely culprit responsible for its movement isn't
A. angels
B. gales
Answer:","[' A', ' B']",0
97,"The following are multiple choice questions (with answers) about common sense.

Question: When fish travel in the opposite direction of flow they are not going to
A. start over
B. spawn
Answer:","[' A', ' B']",0
98,"The following are multiple choice questions (with answers) about common sense.

Question: A mouse is not made up of
A. dairy
B. organic material
Answer:","[' A', ' B']",0
99,"The following are multiple choice questions (with answers) about common sense.

Question: If our earth is anything, it is not this
A. mountainous
B. nearest to Pluto
Answer:","[' A', ' B']",1
100,"The following are multiple choice questions (with answers) about common sense.

Question: If things are deposited consistently in dark, cavernous area, then a thing that could develop is not
A. a stalactite
B. apple juice
Answer:","[' A', ' B']",1
101,"The following are multiple choice questions (with answers) about common sense.

Question: When ice is not heated in a pan to 100 degrees Fahrenheit it will melt and then
A. do nothing
B. be agitated
Answer:","[' A', ' B']",0
102,"The following are multiple choice questions (with answers) about common sense.

Question: If a person dies from a snake bite, the person wasn't probably bitten by a
A. black mamba
B. python
Answer:","[' A', ' B']",1
103,"The following are multiple choice questions (with answers) about common sense.

Question: The summer solstice in the northern hemisphere isn't four months before
A. April
B. October
Answer:","[' A', ' B']",0
104,"The following are multiple choice questions (with answers) about common sense.

Question: If a reptile weren't taken to the iceland it would
A. have many babies
B. die
Answer:","[' A', ' B']",0
105,"The following are multiple choice questions (with answers) about common sense.

Question: A common household item that may be a ferrous metal isn't
A. pans
B. make up
Answer:","[' A', ' B']",1
106,"The following are multiple choice questions (with answers) about common sense.

Question: A tree isn't dead
A. when a possum hides in its branches
B. when a beaver uses it to a stop up a flowing river
Answer:","[' A', ' B']",0
107,"The following are multiple choice questions (with answers) about common sense.

Question: braille isn't read by using your fingers to
A. feel the words
B. turn the page
Answer:","[' A', ' B']",1
108,"The following are multiple choice questions (with answers) about common sense.

Question: A full moon is not caused by
A. moonlight
B. orbiting
Answer:","[' A', ' B']",0
109,"The following are multiple choice questions (with answers) about common sense.

Question: The creation of sediment is not produced by
A. chemicals compounds combining together
B. the break down of other materials
Answer:","[' A', ' B']",0
110,"The following are multiple choice questions (with answers) about common sense.

Question: One way to remember the method of Scientific Classification is not
A. run
B. make a sentence
Answer:","[' A', ' B']",0
111,"The following are multiple choice questions (with answers) about common sense.

Question: Swords aren't drawn to
A. magnets
B. people
Answer:","[' A', ' B']",1
112,"The following are multiple choice questions (with answers) about common sense.

Question: Bluebirds are not found in
A. vast green fields
B. glaciers
Answer:","[' A', ' B']",1
113,"The following are multiple choice questions (with answers) about common sense.

Question: An example of breaking down is not
A. putting a jigsaw puzzle together
B. cutting an apple into slices
Answer:","[' A', ' B']",0
114,"The following are multiple choice questions (with answers) about common sense.

Question: All living things aren't made of parts that contain a
A. nucleus
B. blood vessel
Answer:","[' A', ' B']",1
115,"The following are multiple choice questions (with answers) about common sense.

Question: the summer solstice is not on June 21st in the
A. upper portion of earth
B. the equator near the tropics
Answer:","[' A', ' B']",1
116,"The following are multiple choice questions (with answers) about common sense.

Question: Where is not the sun at noon
A. on the other side of the earth
B. straight above your head
Answer:","[' A', ' B']",0
117,"The following are multiple choice questions (with answers) about common sense.

Question: If a hilly area that reaches incredible peaks is existing, then what happened long ago wasn't
A. things were steamed
B. stones crumpling together
Answer:","[' A', ' B']",0
118,"The following are multiple choice questions (with answers) about common sense.

Question: Viewing stars is not made easier by
A. technology that collects electromagnetic radiation
B. technology that picks up sound in space
Answer:","[' A', ' B']",1
119,"The following are multiple choice questions (with answers) about common sense.

Question: Personal protection equipment isn't essential when
A. wearing a sports cup
B. experimenting with volatile and vaporous liquids
Answer:","[' A', ' B']",0
120,"The following are multiple choice questions (with answers) about common sense.

Question: Which is not needed for photosynthesis to occur
A. energy that takes 8.3 minutes to travel to Earth
B. the 8th entry on the periodic table
Answer:","[' A', ' B']",1
121,"The following are multiple choice questions (with answers) about common sense.

Question: The organisms likely to have the waxiest leaves aren't
A. gorilla
B. jades
Answer:","[' A', ' B']",0
122,"The following are multiple choice questions (with answers) about common sense.

Question: Lamps that convert electricity into light and heat aren't known as
A. candle
B. incadescent
Answer:","[' A', ' B']",0
123,"The following are multiple choice questions (with answers) about common sense.

Question: A sunburn isn't most likely to happen after hiking in a
A. wetland
B. desert
Answer:","[' A', ' B']",0
124,"The following are multiple choice questions (with answers) about common sense.

Question: the best method for detecting texture is not
A. seeing it
B. rubbing it
Answer:","[' A', ' B']",0
125,"The following are multiple choice questions (with answers) about common sense.

Question: 365 solar cycles isn't equivalent to
A. one trip around the sun
B. 2 years in deep space
Answer:","[' A', ' B']",1
126,"The following are multiple choice questions (with answers) about common sense.

Question: A person is wondering how much the steam from the pot of water that is boiling will measure. They are not able to measure it in a definite way by
A. collecting the condensed liquid
B. making the liquid condense outdoors
Answer:","[' A', ' B']",1
127,"The following are multiple choice questions (with answers) about common sense.

Question: A creature of a certain age lays a clutch, so it is not probably a
A. hare
B. falcon
Answer:","[' A', ' B']",0
128,"The following are multiple choice questions (with answers) about common sense.

Question: June solstice is not in winter in
A. New Zealand
B. Canada
Answer:","[' A', ' B']",1
129,"The following are multiple choice questions (with answers) about common sense.

Question: Avoiding the use of fossil fuel is not an example of
A. Ecosystem Vulnerability
B. Conservationism
Answer:","[' A', ' B']",0
130,"The following are multiple choice questions (with answers) about common sense.

Question: This object in your pocket isn't the most likely to shock you
A. your library card
B. your phone
Answer:","[' A', ' B']",0
131,"The following are multiple choice questions (with answers) about common sense.

Question: a producer is not a source of energy for
A. external food eaters
B. rubber
Answer:","[' A', ' B']",1
132,"The following are multiple choice questions (with answers) about common sense.

Question: A horse is outside alone in the middle of summer on a sunny day in a desert. The horse is getting wet. The wetness is not coming from
A. sweat glands
B. orange juice
Answer:","[' A', ' B']",1
133,"The following are multiple choice questions (with answers) about common sense.

Question: The sun isn't good for
A. Cars
B. Envrionments
Answer:","[' A', ' B']",0
134,"The following are multiple choice questions (with answers) about common sense.

Question: Some animals aren't aided in finding food sources by
A. aroma
B. constellations
Answer:","[' A', ' B']",1
135,"The following are multiple choice questions (with answers) about common sense.

Question: Corn and wheat aren't among the favorite foods of
A. humans
B. fish
Answer:","[' A', ' B']",1
136,"The following are multiple choice questions (with answers) about common sense.

Question: If something is able to grow from a kernel and insects assist in reproduction, then it is not probably a
A. carnation
B. dove
Answer:","[' A', ' B']",1
137,"The following are multiple choice questions (with answers) about common sense.

Question: People eating meals or snacks containing substances aren't further processed in the
A. gastro tract
B. burgers and fries
Answer:","[' A', ' B']",1
138,"The following are multiple choice questions (with answers) about common sense.

Question: Some plants are easy for hummingbirds to sip nectar from. While the hummingbirds are taking nectar, the plants also gain something, which is not
A. extra food
B. a pollinator
Answer:","[' A', ' B']",0
139,"The following are multiple choice questions (with answers) about common sense.

Question: A white environment isn't likely to be found
A. on a mountain
B. in a forest
Answer:","[' A', ' B']",1
140,"The following are multiple choice questions (with answers) about common sense.

Question: A woman looking through binoculars is not watching something
A. distant
B. near
Answer:","[' A', ' B']",1
141,"The following are multiple choice questions (with answers) about common sense.

Question: The sea isn't
A. Candy
B. A mega Museum
Answer:","[' A', ' B']",0
142,"The following are multiple choice questions (with answers) about common sense.

Question: Every single bit of growth and life on earth is not connected to the power of
A. daylight
B. solar aliens
Answer:","[' A', ' B']",1
143,"The following are multiple choice questions (with answers) about common sense.

Question: A creature that is not living will require this to have movement abilities:
A. glass
B. nutriment
Answer:","[' A', ' B']",0
144,"The following are multiple choice questions (with answers) about common sense.

Question: There isn't a heightened threat of landslide in
A. the ocean
B. The Andes
Answer:","[' A', ' B']",0
145,"The following are multiple choice questions (with answers) about common sense.

Question: Buying permanent things instead of disposable things isn't
A. conservation
B. composting
Answer:","[' A', ' B']",1
146,"The following are multiple choice questions (with answers) about common sense.

Question: A cloud gets fat and heavy and dark. The sky gets darker. The next step to expect is not
A. precipitation
B. flowers
Answer:","[' A', ' B']",1
147,"The following are multiple choice questions (with answers) about common sense.

Question: A creature that is not a biped and which regularly uses tools will occasionally enjoy munching on
A. chia seeds
B. old feces
Answer:","[' A', ' B']",1
148,"The following are multiple choice questions (with answers) about common sense.

Question: A thing which ferns have in endless supply when expanding isn't
A. darkness
B. dirt
Answer:","[' A', ' B']",0
149,"The following are multiple choice questions (with answers) about common sense.

Question: A thing's position is not altered when
A. thing feels moved emotionally
B. the thing adjusts its location
Answer:","[' A', ' B']",0
150,"The following are multiple choice questions (with answers) about common sense.

Question: Most of the pollutants in the air and in our world aren't there due to
A. man made reasons
B. dolphins under water
Answer:","[' A', ' B']",1
151,"The following are multiple choice questions (with answers) about common sense.

Question: A windmill just uses the air around it, nothing unnatural. Because of this, everything they produce is not
A. dirty
B. unpolluted
Answer:","[' A', ' B']",0
152,"The following are multiple choice questions (with answers) about common sense.

Question: Heat from the sun, waves crashing down, and huge storms all wail on a large boulder at the shore. After a few hundred years, where the boulder stood is not now
A. trees
B. earth
Answer:","[' A', ' B']",0
153,"The following are multiple choice questions (with answers) about common sense.

Question: local plant varieties are not the best for improving the local
A. environs
B. social status
Answer:","[' A', ' B']",1
154,"The following are multiple choice questions (with answers) about common sense.

Question: A series of small holes that lead to various locations aren't found in soil where these legless things burrow:
A. earthworms
B. moles
Answer:","[' A', ' B']",1
155,"The following are multiple choice questions (with answers) about common sense.

Question: one inherited characteristic of fur isn't it's
A. hue
B. weight
Answer:","[' A', ' B']",1
156,"The following are multiple choice questions (with answers) about common sense.

Question: A way to conserve something isn't to
A. use it quickly
B. use it sparsely
Answer:","[' A', ' B']",0
157,"The following are multiple choice questions (with answers) about common sense.

Question: It isn't much harder to go star gazing in the city as opposed to the mountains due to the amount of factories doing what to the air
A. air horns
B. dirtying it
Answer:","[' A', ' B']",0
158,"The following are multiple choice questions (with answers) about common sense.

Question: An extremely rapid surge of rising flood water that moves across usually dry land at about 30 feet or more each second is not powerful enough to
A. lift and carry a tall mountain
B. lift a 250-ton object off the ground
Answer:","[' A', ' B']",0
159,"The following are multiple choice questions (with answers) about common sense.

Question: The aluminum cans weren't much hotter than the
A. wooden fence
B. brass doorknob
Answer:","[' A', ' B']",1
160,"The following are multiple choice questions (with answers) about common sense.

Question: Polar bears aren't best suited for
A. colder places
B. northern desert regions
Answer:","[' A', ' B']",1
161,"The following are multiple choice questions (with answers) about common sense.

Question: magnifying glass is not used to
A. increase seeing potential
B. increase object size
Answer:","[' A', ' B']",1
162,"The following are multiple choice questions (with answers) about common sense.

Question: Solar energy is not adsorbed by
A. potted flowers in a windowless room
B. planted flowers on a bright, clear day
Answer:","[' A', ' B']",0
163,"The following are multiple choice questions (with answers) about common sense.

Question: John, who lives in Minnesota, noticed that the time between sunrise and sunset was the shortest it had been for an entire year. The month wasn't most likely to be
A. January
B. September
Answer:","[' A', ' B']",1
164,"The following are multiple choice questions (with answers) about common sense.

Question: What separates animals that thrive and those that go extinct are not
A. the ability to adapt
B. the type of animal
Answer:","[' A', ' B']",1
165,"The following are multiple choice questions (with answers) about common sense.

Question: A moth leaving it's cocoon isn't the final step in a
A. transformation
B. life cycle
Answer:","[' A', ' B']",1
166,"The following are multiple choice questions (with answers) about common sense.

Question: If a thing is electrically insulated, then it is not
A. metal inside, metal outside
B. metal inside, other material outside
Answer:","[' A', ' B']",0
167,"The following are multiple choice questions (with answers) about common sense.

Question: An example of tool use is not
A. a bird building a nest
B. mankind's closes relative using a stick to get ants out of a hole
Answer:","[' A', ' B']",0
168,"The following are multiple choice questions (with answers) about common sense.

Question: High tide is not a stage in the
A. timeline of all humanity
B. moon tugging on saltwater
Answer:","[' A', ' B']",0
169,"The following are multiple choice questions (with answers) about common sense.

Question: A person is not going to run around a circle and wants to use a stopwatch in order to _____ time
A. mark
B. enjoy
Answer:","[' A', ' B']",1
170,"The following are multiple choice questions (with answers) about common sense.

Question: Rabbits with white fur aren't hardest to detect in
A. the arctic in Winter
B. The middle of a well-lit street
Answer:","[' A', ' B']",1
171,"The following are multiple choice questions (with answers) about common sense.

Question: An animal that only eats plants isn't a
A. chimpanzee
B. moth
Answer:","[' A', ' B']",0
172,"The following are multiple choice questions (with answers) about common sense.

Question: As a lake increases in size, there aren't more
A. catfish
B. volcanoes
Answer:","[' A', ' B']",1
173,"The following are multiple choice questions (with answers) about common sense.

Question: If a tree isn't separated from it's roots it will
A. get stronger
B. expire
Answer:","[' A', ' B']",0
174,"The following are multiple choice questions (with answers) about common sense.

Question: Which isn't more likely the result of a big earthquake
A. a big house
B. a mountain
Answer:","[' A', ' B']",0
175,"The following are multiple choice questions (with answers) about common sense.

Question: Nectar isn't taken to
A. flowers
B. a hive
Answer:","[' A', ' B']",0
176,"The following are multiple choice questions (with answers) about common sense.

Question: A pot of pasta is boiling on the stove, and the lid on top of the pot is shaking as the water boils more rapidly. A person goes to the stove and removes the pot, releasing steam into the air above, and so the steam is not
A. water vapor
B. cold air
Answer:","[' A', ' B']",1
177,"The following are multiple choice questions (with answers) about common sense.

Question: Taking temperature is not basically when
A. degrees of warmth are noted
B. looking outside at the weather
Answer:","[' A', ' B']",1
178,"The following are multiple choice questions (with answers) about common sense.

Question: steam isn't a kind of water above
A. 373 kelvin
B. jupiter
Answer:","[' A', ' B']",1
179,"The following are multiple choice questions (with answers) about common sense.

Question: As frozen water decreases more sunlight is not
A. absorbed
B. detected
Answer:","[' A', ' B']",1
180,"The following are multiple choice questions (with answers) about common sense.

Question: If a head is not exceptionally round
A. there is fluid on the brain
B. a parent probably had a round head
Answer:","[' A', ' B']",0
181,"The following are multiple choice questions (with answers) about common sense.

Question: A light isn't refracted when
A. it shines at a mirror
B. it shines at a gem
Answer:","[' A', ' B']",0
182,"The following are multiple choice questions (with answers) about common sense.

Question: panting isn't the equivalent to humans
A. expelling water from their dermis
B. drowning in a small puddle
Answer:","[' A', ' B']",1
183,"The following are multiple choice questions (with answers) about common sense.

Question: A puppy feels hunger and moves straight to its female parent's nipple. This behavior isn't
A. learned
B. instinctive
Answer:","[' A', ' B']",0
184,"The following are multiple choice questions (with answers) about common sense.

Question: A way to tell if a rock could possibly hold Fe inside is not to
A. hover a magnet over it
B. take the rock home
Answer:","[' A', ' B']",1
185,"The following are multiple choice questions (with answers) about common sense.

Question: If the sun has set it isn't
A. harder to see outside
B. necessary to wear a coat
Answer:","[' A', ' B']",1
186,"The following are multiple choice questions (with answers) about common sense.

Question: The transportation with the most mass isn't likely a
A. commercial plane
B. private car
Answer:","[' A', ' B']",1
187,"The following are multiple choice questions (with answers) about common sense.

Question: Honolulu wasn't formed by
A. a volcanic crevasse
B. a tidal wave
Answer:","[' A', ' B']",1
188,"The following are multiple choice questions (with answers) about common sense.

Question: Which of these isn't less likely to cause pollution
A. chopper
B. mountain bike
Answer:","[' A', ' B']",0
189,"The following are multiple choice questions (with answers) about common sense.

Question: A piece of talc isn't rolled over on a black chalkboard and
A. makes a dent
B. makes a streak
Answer:","[' A', ' B']",0
190,"The following are multiple choice questions (with answers) about common sense.

Question: The crust is not made of different kinds of
A. stone
B. stars
Answer:","[' A', ' B']",1
191,"The following are multiple choice questions (with answers) about common sense.

Question: Turning a piece of paper into a ball is not an example of
A. flattening
B. squashing
Answer:","[' A', ' B']",0
192,"The following are multiple choice questions (with answers) about common sense.

Question: If a living thing is making an effort to obtain nutriment, then that thing is not likely
A. hunting
B. falling
Answer:","[' A', ' B']",1
193,"The following are multiple choice questions (with answers) about common sense.

Question: Nearly all prehistoric bones are not found in
A. granite
B. shale
Answer:","[' A', ' B']",0
194,"The following are multiple choice questions (with answers) about common sense.

Question: A thin beak is not most useful to
A. allow a bird to hunt for food in tight spaces
B. allow a bird to hunt for food in wide spaces
Answer:","[' A', ' B']",1
195,"The following are multiple choice questions (with answers) about common sense.

Question: The quickness of this animal is not a key change that allows it to escape attacks from feasting animals:
A. the potato bug
B. antelope
Answer:","[' A', ' B']",0
196,"The following are multiple choice questions (with answers) about common sense.

Question: What raw material isn't consumed by chloroplast
A. stone
B. CO2
Answer:","[' A', ' B']",0
197,"The following are multiple choice questions (with answers) about common sense.

Question: If the ground is fully shaded, and plants there barely grow, likely the reason isn't
A. oaks there are mighty
B. birds there are fat
Answer:","[' A', ' B']",1
198,"The following are multiple choice questions (with answers) about common sense.

Question: The pips of a pumpkin aren't most commonly
A. fueling trucks
B. seasoned and devoured
Answer:","[' A', ' B']",0
199,"The following are multiple choice questions (with answers) about common sense.

Question: A landslide is not likely to occur on a slope as
A. downward movement is facilitated
B. there is more debris
Answer:","[' A', ' B']",1
200,"The following are multiple choice questions (with answers) about common sense.

Question: Humans, cats, dogs, and elephants are known as mammals because their kids are born alive. Non-mammalian babies aren't born
A. dead
B. in an egg
Answer:","[' A', ' B']",0
201,"The following are multiple choice questions (with answers) about common sense.

Question: Pollution isn't caused by
A. prescription medicine being put down sink drains
B. using all natural household cleaners
Answer:","[' A', ' B']",1
202,"The following are multiple choice questions (with answers) about common sense.

Question: The black bear in Alaska isn't known for hunting this type of feast
A. moose
B. fish
Answer:","[' A', ' B']",0
203,"The following are multiple choice questions (with answers) about common sense.

Question: When the moon, sun, and earth line up, tides aren't at their
A. Happy
B. Max
Answer:","[' A', ' B']",0
204,"The following are multiple choice questions (with answers) about common sense.

Question: A glacier isn't made from
A. the same stuff as the gas that fills up balloons
B. the same stuff as steam
Answer:","[' A', ' B']",0
205,"The following are multiple choice questions (with answers) about common sense.

Question: If a thing creates sugars in a natural system, then it isn't likely a
A. rabbit
B. daffodil
Answer:","[' A', ' B']",0
206,"The following are multiple choice questions (with answers) about common sense.

Question: After a torrential downpour over a week, a man notices that the pond in his backyard is not
A. melted
B. bloated
Answer:","[' A', ' B']",0
207,"The following are multiple choice questions (with answers) about common sense.

Question: There are not metals which will always point north such as
A. Fe
B. silver
Answer:","[' A', ' B']",1
208,"The following are multiple choice questions (with answers) about common sense.

Question: When something isn't condensed
A. it is made into a wetter form
B. it is damp inside
Answer:","[' A', ' B']",1
209,"The following are multiple choice questions (with answers) about common sense.

Question: Camel humps are not a good example of
A. Iraqi roadside prime cuisine
B. changing to meet the environment
Answer:","[' A', ' B']",0
210,"The following are multiple choice questions (with answers) about common sense.

Question: A day that is not cloudy will
A. be sunny and clear
B. be likely to precipitate
Answer:","[' A', ' B']",0
211,"The following are multiple choice questions (with answers) about common sense.

Question: People are not switching from coal to wind to
A. heat and cool Mars
B. producing heat for dwellings
Answer:","[' A', ' B']",0
212,"The following are multiple choice questions (with answers) about common sense.

Question: plant stem isn't the vehicle for transporting water and food from roots to the rest of the
A. solar harnessing life
B. sneaker
Answer:","[' A', ' B']",1
213,"The following are multiple choice questions (with answers) about common sense.

Question: If a thing is residing in a hollowed out part of a tree, then it is not probably
A. an antelope
B. a scavenger
Answer:","[' A', ' B']",0
214,"The following are multiple choice questions (with answers) about common sense.

Question: an example of an excellent earth mover isn't
A. cat
B. annelids
Answer:","[' A', ' B']",0
215,"The following are multiple choice questions (with answers) about common sense.

Question: If a bird is avoiding detection by a cat simply by sitting still, it probably is not also utilizing
A. merging with background
B. eruptions
Answer:","[' A', ' B']",1
216,"The following are multiple choice questions (with answers) about common sense.

Question: Soil quality is not improved when
A. organisms pass and rot away
B. microscopic insects infest the landscape
Answer:","[' A', ' B']",1
217,"The following are multiple choice questions (with answers) about common sense.

Question: If you're looking for the rock between the 2nd and the 4th from our star you are not looking for
A. earth
B. pluto
Answer:","[' A', ' B']",1
218,"The following are multiple choice questions (with answers) about common sense.

Question: The only creature with offspring that is hatched, of these, is not the
A. swallow
B. squirrel
Answer:","[' A', ' B']",1
219,"The following are multiple choice questions (with answers) about common sense.

Question: A paper clip is not often made of
A. cobalt
B. styrofoam
Answer:","[' A', ' B']",1
220,"The following are multiple choice questions (with answers) about common sense.

Question: If your dog is not overweight
A. cut back their caloric intake
B. let them sleep more
Answer:","[' A', ' B']",1
221,"The following are multiple choice questions (with answers) about common sense.

Question: The only way for mammals to have a family is not to
A. adopt
B. reproduce
Answer:","[' A', ' B']",0
222,"The following are multiple choice questions (with answers) about common sense.

Question: Leaves are not the part of a plant with the most a type of
A. bacteria
B. specialized compartment
Answer:","[' A', ' B']",0
223,"The following are multiple choice questions (with answers) about common sense.

Question: We looked at the arrow on the compass and then turned around and walked in the opposite direction.  We were not walking
A. north
B. south
Answer:","[' A', ' B']",0
224,"The following are multiple choice questions (with answers) about common sense.

Question: Cephalopod ink is not by octopuses to
A. hide
B. feed
Answer:","[' A', ' B']",1
225,"The following are multiple choice questions (with answers) about common sense.

Question: If a creature is building a soft space for sitting and roosting, it is not likely
A. a chickadee
B. a dog
Answer:","[' A', ' B']",1
226,"The following are multiple choice questions (with answers) about common sense.

Question: A person who isn't working on setting up power for their cottage will avoid
A. standing in a puddle
B. installing new power outlets
Answer:","[' A', ' B']",1
227,"The following are multiple choice questions (with answers) about common sense.

Question: Deer are not most likely to give a wide berth to a
A. decomposing body
B. field of alfalfa
Answer:","[' A', ' B']",1
228,"The following are multiple choice questions (with answers) about common sense.

Question: How many full moons aren't there each month
A. less than two
B. 1,000
Answer:","[' A', ' B']",1
229,"The following are multiple choice questions (with answers) about common sense.

Question: something that can negatively impact an organisms health is not
A. chemistry
B. chickenpox
Answer:","[' A', ' B']",0
230,"The following are multiple choice questions (with answers) about common sense.

Question: An ideal abode for crickets isn't
A. a briny and warm body of water
B. a green and lush tree and plant packed area
Answer:","[' A', ' B']",0
231,"The following are multiple choice questions (with answers) about common sense.

Question: We are trying to use air as sources of energy because there is an infinite amount of it, same with water. These are not two examples of
A. Limited resources
B. Renewable resources
Answer:","[' A', ' B']",0
232,"The following are multiple choice questions (with answers) about common sense.

Question: All the food in the fridge is warm on a remote farm with a windmill. The most likely cause is not
A. it's a very windy day
B. it's a windless day
Answer:","[' A', ' B']",0
233,"The following are multiple choice questions (with answers) about common sense.

Question: In a system of a body, this thing isn't broken down into smaller pieces to be effectively used:
A. nutriment
B. glass
Answer:","[' A', ' B']",1
234,"The following are multiple choice questions (with answers) about common sense.

Question: A red-tailed hawk is searching for prey. It is not most likely to swoop down on
A. a gecko
B. a cow
Answer:","[' A', ' B']",1
235,"The following are multiple choice questions (with answers) about common sense.

Question: Two wheeled conveyances are not held together by
A. glue
B. helically ridged pins
Answer:","[' A', ' B']",0
236,"The following are multiple choice questions (with answers) about common sense.

Question: Which human is not more likely to be free of scars
A. an unborn boy
B. an old man
Answer:","[' A', ' B']",1
237,"The following are multiple choice questions (with answers) about common sense.

Question: What date is not the amount of daylight minimized
A. Jul 4th
B. Feb 29th
Answer:","[' A', ' B']",0
238,"The following are multiple choice questions (with answers) about common sense.

Question: Because lack of sustenance 1 out of 4 people aren't
A. chronically craving
B. unicorns
Answer:","[' A', ' B']",1
239,"The following are multiple choice questions (with answers) about common sense.

Question: The special tissues in plants that transport minerals throughout the plant are not similar to
A. a wick
B. a whisk
Answer:","[' A', ' B']",1
240,"The following are multiple choice questions (with answers) about common sense.

Question: nutrients from food and water are not necessary to an organism's
A. friendships
B. survival
Answer:","[' A', ' B']",0
241,"The following are multiple choice questions (with answers) about common sense.

Question: It isn't easiest to get a clear photo of the moon by
A. using a telescopic lens
B. looking through a microscope
Answer:","[' A', ' B']",1
242,"The following are multiple choice questions (with answers) about common sense.

Question: A cell can photosynthesize if it is not
A. a willow's
B. a gila monster's
Answer:","[' A', ' B']",1
243,"The following are multiple choice questions (with answers) about common sense.

Question: Classes and categories are not both part of
A. control
B. designating
Answer:","[' A', ' B']",0
244,"The following are multiple choice questions (with answers) about common sense.

Question: Our only star provides us with energy that isn't
A. reusable
B. temporary
Answer:","[' A', ' B']",1
245,"The following are multiple choice questions (with answers) about common sense.

Question: A container with a printed scale on it's side is not used to
A. measure volume
B. hold flowers
Answer:","[' A', ' B']",1
246,"The following are multiple choice questions (with answers) about common sense.

Question: A seeing eye dog isn't able to do this better than his master:
A. observe visually
B. speak out loud
Answer:","[' A', ' B']",1
247,"The following are multiple choice questions (with answers) about common sense.

Question: If a pork chop is underdone, the likelihood of illness spreading to consumers of it isn't
A. low
B. extreme
Answer:","[' A', ' B']",0
248,"The following are multiple choice questions (with answers) about common sense.

Question: A person may use water from a treatment plant so that it isn't
A. free of chunks
B. free from governments
Answer:","[' A', ' B']",1
249,"The following are multiple choice questions (with answers) about common sense.

Question: A seismometer can note how earthquakes are not
A. strong
B. fast
Answer:","[' A', ' B']",1
250,"The following are multiple choice questions (with answers) about common sense.

Question: the winter solstice is not on June 21st in the
A. lower half of terra
B. only online in blogs
Answer:","[' A', ' B']",1
251,"The following are multiple choice questions (with answers) about common sense.

Question: The closest thing in the sky to our globe isn't
A. a planet
B. a satellite
Answer:","[' A', ' B']",0
252,"The following are multiple choice questions (with answers) about common sense.

Question: A woman is digging under a tree on a tall mountain. She is looking for interesting rocks, and a foot down into the soil, discovers a fossilized fish skeleton. From this discovery, the woman is not able to determine that
A. sometimes rain can move fish to high spaces
B. the mountain used to be underwater
Answer:","[' A', ' B']",0
253,"The following are multiple choice questions (with answers) about common sense.

Question: Quartz may produce rainbows when light isn't shined
A. around the crystal's area
B. through any of its sides
Answer:","[' A', ' B']",0
254,"The following are multiple choice questions (with answers) about common sense.

Question: When Newton wasn't 1st hit by the apple he created his famous
A. hypothesis
B. hats
Answer:","[' A', ' B']",1
255,"The following are multiple choice questions (with answers) about common sense.

Question: A plant that gets extra minerals such as zinc aren't probably
A. placed in good soil
B. made out of soil
Answer:","[' A', ' B']",1
256,"The following are multiple choice questions (with answers) about common sense.

Question: Leaving remain oil supplies alone isn't a form of
A. transportation
B. conservation
Answer:","[' A', ' B']",0
257,"The following are multiple choice questions (with answers) about common sense.

Question: Sediment isn't a result of the process of
A. rain
B. jumping
Answer:","[' A', ' B']",1
258,"The following are multiple choice questions (with answers) about common sense.

Question: A dog isn't warm-blooded just like
A. a snake
B. a cardinal
Answer:","[' A', ' B']",0
259,"The following are multiple choice questions (with answers) about common sense.

Question: A creature's habitat, if it has flippers and carries a home with it, is not likely
A. salty
B. mountainous
Answer:","[' A', ' B']",1
260,"The following are multiple choice questions (with answers) about common sense.

Question: As an individual isn't forced to pedal harder on a bicycle their pulse rate
A. stops
B. increases
Answer:","[' A', ' B']",0
261,"The following are multiple choice questions (with answers) about common sense.

Question: If someone is not experiencing frequent falls
A. they should try putting down carpet or throw rugs
B. they should just stop trying to walk
Answer:","[' A', ' B']",1
262,"The following are multiple choice questions (with answers) about common sense.

Question: Just below the Earth's crust isn't something that sounds like it should be over a
A. fireplace
B. window
Answer:","[' A', ' B']",1
263,"The following are multiple choice questions (with answers) about common sense.

Question: A person is not cooled by a liquid coming from the
A. hair
B. skin
Answer:","[' A', ' B']",0
264,"The following are multiple choice questions (with answers) about common sense.

Question: When it gets dark the earliest in California it isn't
A. the time Australia is closest to the sun
B. the time Europe is closest to the sun
Answer:","[' A', ' B']",1
265,"The following are multiple choice questions (with answers) about common sense.

Question: The circulatory system isn't so long it
A. is the length of the universe
B. could be wrapped around the earth
Answer:","[' A', ' B']",0
266,"The following are multiple choice questions (with answers) about common sense.

Question: A person who isn't paid to learn about scientific things would spend most of their time
A. at home
B. viewing things
Answer:","[' A', ' B']",0
267,"The following are multiple choice questions (with answers) about common sense.

Question: A cypress tree's stout roots splitting asphalt is not an example of
A. weathering
B. beer
Answer:","[' A', ' B']",1
268,"The following are multiple choice questions (with answers) about common sense.

Question: Due to camouflage, you are not less likely to be able to see a polar bear in
A. alaska
B. africa
Answer:","[' A', ' B']",1
269,"The following are multiple choice questions (with answers) about common sense.

Question: nest sitting is not left up to the
A. male siblings
B. the embryo's creator
Answer:","[' A', ' B']",0
270,"The following are multiple choice questions (with answers) about common sense.

Question: A Bald Eagle's ability to build it's nest is not
A. a biological trait passed down in it's genes
B. observed trough observation of others
Answer:","[' A', ' B']",1
271,"The following are multiple choice questions (with answers) about common sense.

Question: What anchors plants into the soil are not called
A. large anchors made of metal
B. the same as an american television miniseries about slavery
Answer:","[' A', ' B']",0
272,"The following are multiple choice questions (with answers) about common sense.

Question: During a prolonged shortage of water, a tree's ability to add extra tissue and grow thick rings isn't slowed and the tree produces
A. annual scar tissue
B. thinner growth rings
Answer:","[' A', ' B']",0
273,"The following are multiple choice questions (with answers) about common sense.

Question: An example of a learned behavior isn't
A. having blue eyes
B. catching a frisbee
Answer:","[' A', ' B']",0
274,"The following are multiple choice questions (with answers) about common sense.

Question: A person paints a white door a different color, so the door is not probably now
A. clear
B. grey
Answer:","[' A', ' B']",0
275,"The following are multiple choice questions (with answers) about common sense.

Question: Some fish aren't
A. Magic
B. cannibals
Answer:","[' A', ' B']",0
276,"The following are multiple choice questions (with answers) about common sense.

Question: the arctic aren'ta isn't full of
A. white powder
B. warm water
Answer:","[' A', ' B']",1
277,"The following are multiple choice questions (with answers) about common sense.

Question: A baby bear has golden fur which is medium length. The reason for this isn't most likely
A. parents all have black fur
B. gene contributors shared that characteristic
Answer:","[' A', ' B']",0
278,"The following are multiple choice questions (with answers) about common sense.

Question: Pushing on a pedal isn't an example of
A. force
B. speed
Answer:","[' A', ' B']",1
279,"The following are multiple choice questions (with answers) about common sense.

Question: The more active an animal isn't
A. the more H20 they should take in
B. the less H2O they need to stay hydrated
Answer:","[' A', ' B']",1
280,"The following are multiple choice questions (with answers) about common sense.

Question: If a person enjoys star gazing the best place to live is not
A. the countryside
B. the big city
Answer:","[' A', ' B']",1
281,"The following are multiple choice questions (with answers) about common sense.

Question: An example of thermal energy isn't
A. Drying our clothes in the sun
B. crying in a school bathroom
Answer:","[' A', ' B']",1
282,"The following are multiple choice questions (with answers) about common sense.

Question: Redwoods are not supported by
A. donations from the environmental protection agency
B. very large and thick trunks
Answer:","[' A', ' B']",0
283,"The following are multiple choice questions (with answers) about common sense.

Question: A person drops a bean in the dirt, and kicks some dirt over it. If the person goes to dig up that bean a month later, it isn't likely to have
A. shrunk
B. sprouted
Answer:","[' A', ' B']",0
284,"The following are multiple choice questions (with answers) about common sense.

Question: An inherited characteristic from my dad isn't
A. nasal structure
B. the cat
Answer:","[' A', ' B']",1
285,"The following are multiple choice questions (with answers) about common sense.

Question: Which isn't the most likely scenario
A. squirrels save nuts when summer is hotter than the current season
B. squirrels eat when it rains outside only
Answer:","[' A', ' B']",1
286,"The following are multiple choice questions (with answers) about common sense.

Question: air masses are not pushed by westerlies but stopped by
A. currents
B. meandering air currents
Answer:","[' A', ' B']",0
287,"The following are multiple choice questions (with answers) about common sense.

Question: A family moves into an old home that mice have moved into. Soon after the human family moves in, the family of mice aren't likely to
A. be frozen
B. be ejected
Answer:","[' A', ' B']",0
288,"The following are multiple choice questions (with answers) about common sense.

Question: As the rain forest is not deforested the atmosphere will increase with
A. carbon
B. rain
Answer:","[' A', ' B']",1
289,"The following are multiple choice questions (with answers) about common sense.

Question: Much iron is not in
A. Earth's second layer
B. empty
Answer:","[' A', ' B']",1
290,"The following are multiple choice questions (with answers) about common sense.

Question: This creature isn't likely to hide away sustenance for the harsh wintry months
A. a chipmunk
B. a chihuahua
Answer:","[' A', ' B']",1
291,"The following are multiple choice questions (with answers) about common sense.

Question: Electrical flow can be slowed down if there is not an insulator
A. active
B. avoided
Answer:","[' A', ' B']",1
292,"The following are multiple choice questions (with answers) about common sense.

Question: When looking at an eclipse, an important thing to remember is not
A. avert eyes at all costs
B. to look through a window
Answer:","[' A', ' B']",1
293,"The following are multiple choice questions (with answers) about common sense.

Question: Chlorophyll isn't good for allowing plants to absorb energy and
A. is healthy
B. is dead
Answer:","[' A', ' B']",1
294,"The following are multiple choice questions (with answers) about common sense.

Question: An amoeba isn't a unique individual that
A. has multiple uses
B. exists solitary
Answer:","[' A', ' B']",0
295,"The following are multiple choice questions (with answers) about common sense.

Question: A mighty river flows through an area for millennia. Afterwards, it can be noted that where there once were shallow rivers, there aren't now
A. massive canyons
B. old socks
Answer:","[' A', ' B']",1
296,"The following are multiple choice questions (with answers) about common sense.

Question: Twenty four hours are not
A. some hours on clock
B. segments of a cycle
Answer:","[' A', ' B']",0
297,"The following are multiple choice questions (with answers) about common sense.

Question: An example of camouflage isn't
A. a lizard appearing like the dead things that fall from trees in the fall
B. a polar bear on a sand dune
Answer:","[' A', ' B']",1
298,"The following are multiple choice questions (with answers) about common sense.

Question: What is not the primary reason my duck feather filled jacket works well against the snow
A. feathers slows heat transfer
B. small flexible solar panels
Answer:","[' A', ' B']",1
299,"The following are multiple choice questions (with answers) about common sense.

Question: An area of dirt contains large amounts of talc. That means that talc is not able to be found in
A. strawberries that grow there
B. strawberries that grow elsewhere
Answer:","[' A', ' B']",1
